{
  "id": "discord-speaking-status",
  "name": "discord-speaking-status",
  "title": "Discord Speaking Status",
  "description": "Indicates who is speaking in a Discord Voice Channel",
  "authors": [{"name":"Lanastara"},{"name":"Xaukael"}],
  "version": "1.2.6-beta1",
  "socket": true,
  "compatibility": {
      "minimum": "10",
      "verified": "12"
    },
  "scripts": ["discord-speaking-status.js"],
  "relationships": {
  "requires": []
  },
  "url": "https://github.com/lanastara/discord-speaking-status/",
  "manifest": "https://raw.githubusercontent.com/lanastara/discord-speaking-status/refs/heads/v12/module.json",
  "download": "https://raw.githubusercontent.com/lanastara/discord-speaking-status/refs/heads/v12/discord-speaking-status.zip"
}
